dataset,mode,parse_success_rate,valid_rate,novelty_rate,recovery_rate,valid_rate_std,novelty_rate_std,recovery_rate_std,total_tokens,avg_tokens_per_query,total_cost,avg_cost_per_query,n_samples,total_errors
n3,standard,1.0,0.5988888888888889,0.8977777777777778,0.5272222222222223,0.3892997829278284,0.22355434061962776,0.387070749905103,26993,899.7666666666667,0.026993000000000003,0.0008997666666666667,30,0
n3,cot,1.0,0.7722222222222221,0.9044444444444444,0.6849999999999999,0.3255574516440803,0.15687535352377655,0.3140638647012915,200685,6689.5,0.20068500000000003,0.006689500000000001,30,0
n4,standard,0.7965277777777777,0.2583333333333333,0.7715277777777777,0.2583333333333333,0.3894440481849308,0.35520612712467897,0.3894440481849308,166301,5543.366666666667,0.1663009999999998,0.00554336666666666,30,0
n4,cot,1.0,0.7541666666666665,0.825,0.6027777777777777,0.2933187338538567,0.23629078131263045,0.3495588048164305,678295,22609.833333333332,0.6782950000000003,0.022609833333333343,30,0
