dataset,valid_rate_std,valid_rate_cot,valid_rate_improvement,valid_rate_improvement_pct,novelty_rate_std,novelty_rate_cot,novelty_rate_improvement,recovery_rate_std,recovery_rate_cot,recovery_rate_improvement,cost_std,cost_cot,cost_increase,cost_increase_pct
n3,0.5988888888888889,0.7722222222222221,0.17333333333333323,28.942486085343212,0.8977777777777778,0.9044444444444444,0.006666666666666599,0.5272222222222223,0.6849999999999999,0.15777777777777768,0.026993000000000003,0.20068500000000003,0.173692,643.4705293965102
n4,0.2583333333333333,0.7541666666666665,0.49583333333333324,191.93548387096772,0.7715277777777777,0.825,0.053472222222222254,0.2583333333333333,0.6027777777777777,0.34444444444444444,0.1663009999999998,0.6782950000000003,0.5119940000000005,307.8718708847217
